budget,revenue,original_title,cast,director,runtime,genres,release_date,release_year
150000000,1513528810,Jurassic World,Chris Pratt|Bryce Dallas Howard|Irrfan Khan|Vincent D'Onofrio|Nick Robinson,Colin Trevorrow,124,Action|Adventure|Science Fiction|Thriller,6/9/15,2015
150000000,378436354,Mad Max: Fury Road,Tom Hardy|Charlize Theron|Hugh Keays-Byrne|Nicholas Hoult|Josh Helman,George Miller,120,Action|Adventure|Science Fiction|Thriller,5/13/15,2015
110000000,295238201,Insurgent,Shailene Woodley|Theo James|Kate Winslet|Ansel Elgort|Miles Teller,Robert Schwentke,119,Adventure|Science Fiction|Thriller,3/18/15,2015
200000000,2068178225,Star Wars: The Force Awakens,Harrison Ford|Mark Hamill|Carrie Fisher|Adam Driver|Daisy Ridley,J.J. Abrams,136,Action|Adventure|Science Fiction|Fantasy,12/15/15,2015
190000000,1506249360,Furious 7,Vin Diesel|Paul Walker|Jason Statham|Michelle Rodriguez|Dwayne Johnson,James Wan,137,Action|Crime|Thriller,4/1/15,2015
135000000,532950503,The Revenant,Leonardo DiCaprio|Tom Hardy|Will Poulter|Domhnall Gleeson|Paul Anderson,Alejandro GonzÃ¡lez IÃ±Ã¡rritu,156,Western|Drama|Adventure|Thriller,12/25/15,2015
155000000,440603537,Terminator Genisys,Arnold Schwarzenegger|Jason Clarke|Emilia Clarke|Jai Courtney|J.K. Simmons,Alan Taylor,125,Science Fiction|Action|Thriller|Adventure,6/23/15,2015
108000000,595380321,The Martian,Matt Damon|Jessica Chastain|Kristen Wiig|Jeff Daniels|Michael PeÃ±a,Ridley Scott,141,Drama|Adventure|Science Fiction,9/30/15,2015
74000000,1156730962,Minions,Sandra Bullock|Jon Hamm|Michael Keaton|Allison Janney|Steve Coogan,Kyle Balda|Pierre Coffin,91,Family|Animation|Adventure|Comedy,6/17/15,2015
175000000,853708609,Inside Out,Amy Poehler|Phyllis Smith|Richard Kind|Bill Hader|Lewis Black,Pete Docter,94,Comedy|Animation|Family,6/9/15,2015
245000000,880674609,Spectre,Daniel Craig|Christoph Waltz|LÃ©a Seydoux|Ralph Fiennes|Monica Bellucci,Sam Mendes,148,Action|Adventure|Crime,10/26/15,2015
176000003,183987723,Jupiter Ascending,Mila Kunis|Channing Tatum|Sean Bean|Eddie Redmayne|Douglas Booth,Lana Wachowski|Lilly Wachowski,124,Science Fiction|Fantasy|Action|Adventure,2/4/15,2015
15000000,36869414,Ex Machina,Domhnall Gleeson|Alicia Vikander|Oscar Isaac|Sonoya Mizuno|Corey Johnson,Alex Garland,108,Drama|Science Fiction,1/21/15,2015
88000000,243637091,Pixels,Adam Sandler|Michelle Monaghan|Peter Dinklage|Josh Gad|Kevin James,Chris Columbus,105,Action|Comedy|Science Fiction,7/16/15,2015
280000000,1405035767,Avengers: Age of Ultron,Robert Downey Jr.|Chris Hemsworth|Mark Ruffalo|Chris Evans|Scarlett Johansson,Joss Whedon,141,Action|Adventure|Science Fiction,4/22/15,2015
44000000,155760117,The Hateful Eight,Samuel L. Jackson|Kurt Russell|Jennifer Jason Leigh|Walton Goggins|DemiÃ¡n Bichir,Quentin Tarantino,167,Crime|Drama|Mystery|Western,12/25/15,2015
48000000,325771424,Taken 3,Liam Neeson|Forest Whitaker|Maggie Grace|Famke Janssen|Dougray Scott,Olivier Megaton,109,Crime|Action|Thriller,1/1/15,2015
130000000,518602163,Ant-Man,Paul Rudd|Michael Douglas|Evangeline Lilly|Corey Stoll|Bobby Cannavale,Peyton Reed,115,Science Fiction|Action|Adventure,7/14/15,2015
95000000,542351353,Cinderella,Lily James|Cate Blanchett|Richard Madden|Helena Bonham Carter|Holliday Grainger,Kenneth Branagh,112,Romance|Fantasy|Family|Drama,3/12/15,2015
160000000,650523427,The Hunger Games: Mockingjay - Part 2,Jennifer Lawrence|Josh Hutcherson|Liam Hemsworth|Woody Harrelson|Elizabeth Banks,Francis Lawrence,136,War|Adventure|Science Fiction,11/18/15,2015
190000000,209035668,Tomorrowland,Britt Robertson|George Clooney|Raffey Cassidy|Thomas Robinson|Hugh Laurie,Brad Bird,130,Action|Family|Science Fiction|Adventure|Mystery,5/19/15,2015
30000000,91709827,Southpaw,Jake Gyllenhaal|Rachel McAdams|Forest Whitaker|Oona Laurence|50 Cent,Antoine Fuqua,123,Action|Drama,6/15/15,2015
110000000,470490832,San Andreas,Dwayne Johnson|Alexandra Daddario|Carla Gugino|Ioan Gruffudd|Archie Panjabi,Brad Peyton,114,Action|Drama|Thriller,5/27/15,2015
40000000,569651467,Fifty Shades of Grey,Dakota Johnson|Jamie Dornan|Jennifer Ehle|Eloise Mumford|Victor Rasuk,Sam Taylor-Johnson,125,Drama|Romance,2/11/15,2015
28000000,133346506,The Big Short,Christian Bale|Steve Carell|Ryan Gosling|Brad Pitt|Melissa Leo,Adam McKay,130,Comedy|Drama,12/11/15,2015
150000000,682330139,Mission: Impossible - Rogue Nation,Tom Cruise|Jeremy Renner|Simon Pegg|Rebecca Ferguson|Ving Rhames,Christopher McQuarrie,131,Action,7/23/15,2015
68000000,215863606,Ted 2,Mark Wahlberg|Seth MacFarlane|Amanda Seyfried|Jessica Barth|Giovanni Ribisi,Seth MacFarlane,115,Comedy,6/25/15,2015
81000000,403802136,Kingsman: The Secret Service,Taron Egerton|Colin Firth|Samuel L. Jackson|Michael Caine|Mark Strong,Matthew Vaughn,130,Crime|Comedy|Action|Adventure,1/24/15,2015
20000000,88346473,Spotlight,Mark Ruffalo|Michael Keaton|Rachel McAdams|Liev Schreiber|John Slattery,Tom McCarthy,128,Drama|Thriller|History,11/6/15,2015
61000000,311256926,Maze Runner: The Scorch Trials,Dylan O'Brien|Kaya Scodelario|Thomas Brodie-Sangster|Giancarlo Esposito|Aidan Gillen,Wes Ball,132,Action|Science Fiction|Thriller,9/9/15,2015
0,29355203,Mr. Holmes,Ian McKellen|Milo Parker|Laura Linney|Hattie Morahan|Patrick Kennedy,Bill Condon,103,Mystery|Drama,6/19/15,2015
49000000,102069268,Chappie,Sharlto Copley|Dev Patel|Ninja|Yolandi Visser|Jose Pablo Cantillo,Neill Blomkamp,120,Crime|Action|Science Fiction,3/4/15,2015
29000000,287506194,Pitch Perfect 2,Anna Kendrick|Rebel Wilson|Hailee Steinfeld|Brittany Snow|Skylar Astin,Elizabeth Banks,115,Comedy|Music,5/7/15,2015
40000000,162610473,Bridge of Spies,Tom Hanks|Mark Rylance|Amy Ryan|Alan Alda|Sebastian Koch,Steven Spielberg,141,Thriller|Drama,10/15/15,2015
58000000,150170815,Goosebumps,Jack Black|Dylan Minnette|Odeya Rush|Amy Ryan|Jillian Bell,Rob Letterman,103,Adventure|Horror|Comedy,8/5/15,2015
6000000,35401758,Room,Brie Larson|Jacob Tremblay|Joan Allen|Sean Bridgers|William H. Macy,Lenny Abrahamson,117,Drama|Thriller,10/16/15,2015
0,22354572,Solace,Abbie Cornish|Jeffrey Dean Morgan|Colin Farrell|Anthony Hopkins|Marley Shelton,Afonso Poyart,101,Crime|Drama|Mystery,9/3/15,2015
175000000,331926147,The Good Dinosaur,Raymond Ochoa|Jack Bright|Jeffrey Wright|Frances McDormand|Maleah Nipay-Padilla,Peter Sohn,93,Adventure|Animation|Comedy|Family|Fantasy,11/14/15,2015
50000000,71561644,Run All Night,Liam Neeson|Ed Harris|Joel Kinnaman|Boyd Holbrook|Bruce McGill,Jaume Collet-Serra,114,Action|Crime|Drama|Mystery|Thriller,3/11/15,2015
11000000,62076141,Brooklyn,Saoirse Ronan|Domhnall Gleeson|Emory Cohen|Emily Bett Rickards|Eileen O'Higgins,John Crowley,111,Drama|Romance,11/4/15,2015
28000000,201634991,Straight Outta Compton,O'Shea Jackson Jr.|Corey Hawkins|Jason Mitchell|Neil Brown Jr.|Aldis Hodge,F. Gary Gray,147,Drama|Music,8/13/15,2015
90000000,140396650,The Last Witch Hunter,Vin Diesel|Rose Leslie|Michael Caine|Elijah Wood|Ã“lafur Darri Ã“lafsson,Breck Eisner,106,Fantasy|Action|Adventure,10/21/15,2015
30000000,34441873,Steve Jobs,Michael Fassbender|Kate Winslet|Seth Rogen|Katherine Waterston|Jeff Daniels,Danny Boyle,122,History|Drama,10/9/15,2015
75000000,108145109,The Man from U.N.C.L.E.,Henry Cavill|Armie Hammer|Alicia Vikander|Elizabeth Debicki|Luca Calvani,Guy Ritchie,116,Comedy|Action|Adventure,8/13/15,2015
25000000,42629776,The Age of Adaline,Blake Lively|Michiel Huisman|Harrison Ford|Ellen Burstyn|Kathy Baker,Lee Toland Krieger,112,Fantasy|Drama|Romance,4/16/15,2015
10000000,14333790,Hardcore Henry,Sharlto Copley|Haley Bennett|Danila Kozlovskiy|Tim Roth|Andrei Dementiev,Ilya Naishuller,97,Action|Adventure|Science Fiction,9/12/15,2015
135000000,368871007,Home,Jim Parsons|Rihanna|Steve Martin|Jennifer Lopez|Matt Jones,Tim Johnson,94,Fantasy|Comedy|Animation|Science Fiction|Family,3/18/15,2015
12000000,85512300,Paper Towns,Nat Wolff|Cara Delevingne|Halston Sage|Justice Smith|Austin Abrams,Jake Schreier,109,Drama|Mystery|Romance,7/9/15,2015
30000000,0,Wild Card,Jason Statham|Michael Angarano|Milo Ventimiglia|Dominik GarcÃ­a-Lorido|Anne Heche,Simon West,92,Thriller|Crime|Drama,1/14/15,2015
4000000,9064511,The Lobster,Colin Farrell|Rachel Weisz|LÃ©a Seydoux|John C. Reilly|Ben Whishaw,Yorgos Lanthimos,118,Thriller|Comedy|Drama|Romance|Science Fiction,10/8/15,2015
11800000,40272135,Carol,Cate Blanchett|Rooney Mara|Kyle Chandler|Sarah Paulson|Jake Lacy,Todd Haynes,118,Romance|Drama,11/20/15,2015
35000000,194564672,The Intern,Robert De Niro|Anne Hathaway|Rene Russo|Anders Holm|JoJo Kushner,Nancy Meyers,121,Comedy,9/24/15,2015
55000000,203427584,Everest,Jason Clarke|Jake Gyllenhaal|Josh Brolin|John Hawkes|Sam Worthington,Baltasar KormÃ¡kur,121,Adventure|Drama,9/10/15,2015
60000000,101134059,Joy,Jennifer Lawrence|Bradley Cooper|Robert De Niro|Dascha Polanco|Edgar RamÃ­rez,David O. Russell,124,Comedy|Drama,12/24/15,2015
105000000,133718711,Point Break,Edgar RamÃ­rez|Luke Bracey|Teresa Palmer|Delroy Lindo|Ray Winstone,Ericson Core,114,Action|Crime|Thriller,12/3/15,2015
20000000,36606743,Burnt,Bradley Cooper|Sienna Miller|Lily James|Alicia Vikander|Uma Thurman,John Wells,100,Drama,10/2/15,2015
26000000,30523226,Self/less,Ryan Reynolds|Ben Kingsley|Natalie Martinez|Matthew Goode|Michelle Dockery,Tarsem Singh,116,Science Fiction|Mystery|Thriller,7/10/15,2015
60000000,30418560,Mortdecai,Johnny Depp|Gwyneth Paltrow|Ewan McGregor|Paul Bettany|Olivia Munn,David Koepp,106,Comedy|Adventure,1/21/15,2015
15000000,64191523,The Danish Girl,Eddie Redmayne|Alicia Vikander|Matthias Schoenaerts|Amber Heard|Ben Whishaw,Tom Hooper,120,Drama,11/27/15,2015
70000000,17752940,Blackhat,Chris Hemsworth|Leehom Wang|Tang Wei|Viola Davis|Holt McCallany,Michael Mann,133,Mystery|Crime|Action|Thriller|Drama,1/13/15,2015
30000000,84025816,Sicario,Emily Blunt|Benicio del Toro|Josh Brolin|Victor Garber|Jon Bernthal,Denis Villeneuve,121,Action|Crime|Drama|Mystery|Thriller,9/17/15,2015
120000001,167977596,Fantastic Four,Miles Teller|Kate Mara|Michael B. Jordan|Jamie Bell|Toby Kebbell,Josh Trank,100,Action|Adventure|Science Fiction,8/5/15,2015
3500000,40423945,The Witch,Anya Taylor-Joy|Ralph Ineson|Kate Dickie|Harvey Scrimshaw|Ellie Grainger,Robert Eggers,92,Mystery|Horror,3/24/15,2015
65000000,235666219,Spy,Melissa McCarthy|Jason Statham|Rose Byrne|Miranda Hart|Bobby Cannavale,Paul Feig,120,Action|Comedy|Crime,5/6/15,2015
50100000,153962963,Focus,Will Smith|Margot Robbie|Rodrigo Santoro|Robert Taylor|Gerald McRaney,Glenn Ficarra|John Requa,105,Romance|Comedy|Crime|Drama,2/25/15,2015
35000000,82347656,Hitman: Agent 47,Rupert Friend|Zachary Quinto|Hannah Ware|Emilio Rivera|Rolf Kanies,Aleksander Bach,96,Action|Crime|Thriller,8/20/15,2015
100000000,93820758,In the Heart of the Sea,Chris Hemsworth|Benjamin Walker|Cillian Murphy|Brendan Gleeson|Ben Whishaw,Ron Howard,122,Thriller|Drama|Adventure|Action|History,11/20/15,2015
20000000,0,Survivor,Pierce Brosnan|Milla Jovovich|Dylan McDermott|Angela Bassett|Robert Forster,James McTeigue,96,Crime|Thriller|Action,5/21/15,2015
35000000,137935567,Creed,Michael B. Jordan|Sylvester Stallone|Graham McTavish|Tessa Thompson|Phylicia RashÄd,Ryan Coogler,133,Drama,11/25/15,2015
35000000,140795793,Trainwreck,Amy Schumer|Bill Hader|Brie Larson|Colin Quinn|Vanessa Bayer,Judd Apatow,125,Comedy,7/17/15,2015
13000000,32848185,Eye in the Sky,Helen Mirren|Aaron Paul|Alan Rickman|Iain Glen|Barkhad Abdi,Gavin Hood,102,Drama|Thriller|War,9/11/15,2015
25000000,42972994,Legend,Tom Hardy|Emily Browning|Christopher Eccleston|David Thewlis|Taron Egerton,Brian Helgeland,131,Crime|Thriller,9/9/15,2015
0,45895,Beyond the Reach,Michael Douglas|Jeremy Irvine|Hanna Mangan Lawrence|Ronny Cox|Martin Palmer,Jean-Baptiste LÃ©onetti,95,Thriller,4/17/15,2015
150000000,128388320,Pan,Levi Miller|Garrett Hedlund|Hugh Jackman|Rooney Mara|Amanda Seyfried,Joe Wright,111,Adventure|Family|Fantasy,9/24/15,2015
0,0,Mythica: The Darkspore,Melanie Stone|Kevin Sorbo|Adam Johnson|Jake Stormoen|Rocky Myers,Anne K. Black,108,Action|Adventure|Fantasy,6/24/15,2015
0,0,Me and Earl and the Dying Girl,Thomas Mann|RJ Cyler|Olivia Cooke|Connie Britton|Nick Offerman,Alfonso Gomez-Rejon,105,Comedy|Drama,6/12/15,2015
99000000,246233113,The Peanuts Movie,Noah Schnapp|Bill Melendez|Venus Schultheis|Hadley Belle Miller|Madisyn Shipman,Steve Martino,88,Adventure|Animation|Comedy|Family,11/5/15,2015
35000000,48623572,Concussion,Will Smith|Bitsie Tulloch|Gugu Mbatha-Raw|Alec Baldwin|Matthew Willig,Peter Landesman,123,Drama,11/12/15,2015
25000000,52395996,The Night Before,Joseph Gordon-Levitt|Seth Rogen|Anthony Mackie|Lizzy Caplan|Jillian Bell,Jonathan Levine,100,Comedy,11/20/15,2015
2500000,5214043,Knock Knock,Keanu Reeves|Lorenza Izzo|Ana de Armas|Aaron Burns|Colleen Camp,Eli Roth,99,Drama|Horror|Thriller,6/26/15,2015
34000000,63013281,The Longest Ride,Scott Eastwood|Britt Robertson|Lolita Davidovich|Melissa Benoist|Jack Huston,"George Tillman, Jr.",128,Romance|Drama,4/9/15,2015
80000000,466183544,Hotel Transylvania 2,Adam Sandler|Andy Samberg|Selena Gomez|Kevin James|Steve Buscemi,Genndy Tartakovsky,89,Animation|Comedy|Family,9/21/15,2015
17000000,24000000,Love the Coopers,Steve Martin|Diane Keaton|John Goodman|Alan Arkin|Olivia Wilde,Jessie Nelson,107,Family|Comedy,11/12/15,2015
35000000,61181942,The Walk,Joseph Gordon-Levitt|Ben Kingsley|Charlotte Le Bon|Ben Schwartz|James Badge Dale,Robert Zemeckis,123,Adventure|Drama|Thriller,9/30/15,2015
11000000,1863315,Tracers,Marie Avgeropoulos|Taylor Lautner|Adam Rayner|Rafi Gavron|Sam Medina,Daniel Benmayor,94,Action|Crime|Drama,1/15/15,2015
31000000,104384188,Vacation,Ed Helms|Christina Applegate|Skyler Gisondo|Steele Stebbins|Chris Hemsworth,John Francis Daley|Jonathan M. Goldstein,99,Adventure|Comedy,7/28/15,2015
35000000,95437994,Poltergeist,Sam Rockwell|Rosemarie DeWitt|Saxon Sharbino|Kyle Catlett|Kennedi Clements,Gil Kenan,93,Horror|Thriller,5/20/15,2015
4000000,187112,Maggie,Arnold Schwarzenegger|Abigail Breslin|Joely Richardson|Laura Cayouette|J.D. Evermore,Henry Hobson,95,Horror,5/8/15,2015
0,2000000,Equals,Kristen Stewart|Nicholas Hoult|Guy Pearce|Jacki Weaver|Bel Powley,Drake Doremus,101,Drama|Romance|Science Fiction,9/4/15,2015
50000000,3324330,Child 44,Tom Hardy|Gary Oldman|Noomi Rapace|Joel Kinnaman|Paddy Considine,Daniel Espinosa,137,Crime|Thriller,3/15/15,2015
5000000,58978653,The Gift,Jason Bateman|Rebecca Hall|Joel Edgerton|David Denman|Beau Knapp,Joel Edgerton,108,Thriller|Mystery,7/30/15,2015
50000000,240360392,Daddy's Home,Will Ferrell|Mark Wahlberg|Linda Cardellini|Thomas Haden Church|Hannibal Buress,Sean Anders,96,Comedy,12/25/15,2015
0,0,Mythica: The Necromancer,Melanie Stone|Adam Johnson|Kevin Sorbo|Nicola Posener|Jake Stormoen,A. Todd Smith,0,Fantasy|Action|Adventure,12/19/15,2015
10000000,0,Vice,Ambyr Childers|Thomas Jane|Bryan Greenberg|Bruce Willis|Johnathon Schaech,Brian A Miller,96,Thriller|Science Fiction|Action|Adventure,1/16/15,2015
64000000,97571250,The Little Prince,Jeff Bridges|Rachel McAdams|Paul Rudd|Marion Cotillard|James Franco,Mark Osborne,92,Adventure|Animation|Fantasy,7/29/15,2015
0,233755553,Alvin and the Chipmunks: The Road Chip,Jason Lee|Justin Long|Bella Thorne|Matthew Gray Gubler|Jesse McCartney,Walt Becker,92,Adventure|Animation|Comedy|Family,12/17/15,2015
11930000,18340000,The Dressmaker,Kate Winslet|Liam Hemsworth|Caroline Goodall|Judy Davis|Hayley Magnus,Jocelyn Moorhouse,118,Drama,10/1/15,2015
8500000,43528634,The DUFF,Mae Whitman|Robbie Amell|Bella Thorne|Bianca A. Santos|Skyler Samuels,Ari Sandel,100,Romance|Comedy,2/20/15,2015
10000000,52882018,Sinister 2,Shannyn Sossamon|James Ransone|Tate Ellington|Nicholas King|Lucas Jade Zumann,Ciaran Foy,97,Horror,8/19/15,2015
30000000,107597242,Paul Blart: Mall Cop 2,Kevin James|Raini Rodriguez|Eduardo VerÃ¡stegui|Daniella Alonso|Neal McDonough,Andy Fickman,94,Action|Adventure|Comedy|Family,4/16/15,2015
0,0,Frozen Fever,Kristen Bell|Idina Menzel|Jonathan Groff|Josh Gad|Chris Williams,Chris Buck|Jennifer Lee,8,Adventure|Animation|Family,3/9/15,2015
0,0,High-Rise,Tom Hiddleston|Sienna Miller|Jeremy Irons|Luke Evans|Elisabeth Moss,Ben Wheatley,119,Action|Drama|Science Fiction,9/26/15,2015
4000000,50163103,The Boy Next Door,Jennifer Lopez|Ryan Guzman|Ian Nelson|John Corbett|Kristin Chenoweth,Rob Cohen,91,Thriller,1/23/15,2015
0,0,Spooks: The Greater Good,Peter Firth|Kit Harington|Jennifer Ehle|Lara Pulver|Elyes Gabel,Bharat Nalluri,104,Thriller|Action,4/11/15,2015
30000000,49263404,Entourage,Jeremy Piven|Adrian Grenier|Jerry Ferrara|Kevin Connolly|Kevin Dillon,Doug Ellin,104,Comedy,6/3/15,2015
23000000,79799880,The Wedding Ringer,Kevin Hart|Josh Gad|Kaley Cuoco|Affion Crockett|Jorge Garcia,Jeremy Garelick,101,Comedy,1/16/15,2015
15000000,14860766,Scouts Guide to the Zombie Apocalypse,Tye Sheridan|Logan Miller|Joey Morgan|Sarah Dumont|David Koechner,Christopher B. Landon,93,Comedy|Horror,10/23/15,2015
5000000,98450062,The Visit,Olivia DeJonge|Ed Oxenbould|Kathryn Hahn|Benjamin Kanes|Deanna Dunagan,M. Night Shyamalan,94,Horror|Thriller,9/10/15,2015
53000000,99775678,Black Mass,Johnny Depp|Joel Edgerton|Benedict Cumberbatch|Dakota Johnson|Kevin Bacon,Scott Cooper,122,Crime|Drama,9/4/15,2015
8900000,50136,Heist,Jeffrey Dean Morgan|Robert De Niro|Kate Bosworth|Dave Bautista|Gina Carano,Scott Mann,93,Crime|Action|Thriller,11/13/15,2015
15000000,61548707,Krampus,Adam Scott|Toni Collette|Allison Tolman|David Koechner|Emjay Anthony,Michael Dougherty,98,Horror|Comedy|Fantasy,11/26/15,2015
20000000,208588,Dark Places,Charlize Theron|Nicholas Hoult|Christina Hendricks|ChloÃ« Grace Moretz|Tye Sheridan,Gilles Paquet-Brenner,113,Drama|Mystery|Thriller,3/31/15,2015
5000000,54418872,No Escape,Owen Wilson|Lake Bell|Pierce Brosnan|Sterling Jerins|Spencer Garrett,John Erick Dowdle,103,Action|Thriller,8/26/15,2015
700000,17986781,Dope,Shameik Moore|Kiersey Clemons|Tony Revolori|ZoÃ« Kravitz|Chanel Iman,Rick Famuyiwa,103,Crime|Drama|Comedy,6/19/15,2015
28000000,28208085,American Ultra,Jesse Eisenberg|Kristen Stewart|Topher Grace|Connie Britton|Walton Goggins,Nima Nourizadeh,96,Comedy|Action,8/19/15,2015
11000000,61619773,Woman in Gold,Helen Mirren|Ryan Reynolds|Tatiana Maslany|Katie Holmes|Max Irons,Simon Curtis,120,Drama,4/10/15,2015
0,0,The Scorpion King: The Lost Throne,Victor Webster|Ellen Hollman|Barry Bostwick|Will Kemp|M. Emmet Walsh,Mike Elliott,105,Action|Fantasy|Adventure,1/9/15,2015
30000000,105011053,Sisters,Tina Fey|Amy Poehler|John Leguizamo|Ike Barinholtz|Maya Rudolph,Jason Moore,118,Comedy,12/18/15,2015
12000000,32248241,Project Almanac,Jonny Weston|Virginia Gardner|Sofia Black-D'Elia|Sam Lerner|Allen Evangelista,Dean Israelite,106,Science Fiction|Thriller,1/30/15,2015
0,5189646,Absolutely Anything,Simon Pegg|Kate Beckinsale|Rob Riggle|Sanjeev Bhaskar|Joanna Lumley,Terry Jones,85,Comedy|Science Fiction,6/26/15,2015
25000000,72629670,The Transporter Refueled,Ed Skrein|Ray Stevenson|Loan Chabanol|Gabriella Wright|Tatjana PajkoviÄ‡,Camille Delamarre,96,Thriller|Action|Crime,9/3/15,2015
55000000,74679822,Crimson Peak,Mia Wasikowska|Jessica Chastain|Tom Hiddleston|Charlie Hunnam|Jim Beaver,Guillermo del Toro,119,Mystery|Thriller|Fantasy|Horror|Drama,10/13/15,2015
0,0,Everly,Salma Hayek|Hiroyuki Watanabe|Jennifer Blanc|Togo Igawa|Caroline Chikezie,Joe Lynch,90,Thriller|Action,1/23/15,2015
14800000,122413057,Magic Mike XXL,Channing Tatum|Matt Bomer|Joe Manganiello|Kevin Nash|Adam RodrÃ­guez,Gregory Jacobs,115,Comedy|Drama|Music,7/1/15,2015
10000000,78099553,Paranormal Activity: The Ghost Dimension,Chris J. Murray|Brit Shaw|Ivy George|Lauren Frandsen|Tyler Craig,Gregory Plotkin,88,Horror|Thriller,10/21/15,2015
0,229094,Slow West,Michael Fassbender|Kodi Smit-McPhee|Ben Mendelsohn|Caren Pistorius|Rory McCann,John Maclean,84,Romance|Thriller|Western,4/16/15,2015
15000000,8235661,Trumbo,Bryan Cranston|Diane Lane|Helen Mirren|Elle Fanning|Louis C.K.,Jay Roach,124,Drama,10/27/15,2015
19500000,32189727,Secret in Their Eyes,Chiwetel Ejiofor|Nicole Kidman|Julia Roberts|Dean Norris|Lyndon Smith,Billy Ray,111,Crime|Drama|Mystery,10/14/15,2015
0,2500431,Mistress America,Greta Gerwig|Lola Kirke|Charlie Gillette|Dean Wareham|Heather Lind,Noah Baumbach,84,Comedy,8/14/15,2015
74000000,311594032,The SpongeBob Movie: Sponge Out of Water,Tom Kenny|Bill Fagerbakke|Rodger Bumpass|Clancy Brown|Carolyn Lawrence,Paul Tibbitt,93,Family|Animation,2/5/15,2015
0,4719695,True Story,Jonah Hill|James Franco|Felicity Jones|Maria Dizzia|Ethan Suplee,Rupert Goold,100,Crime|Drama|Mystery,4/17/15,2015
20000000,43967255,Max,Thomas Haden Church|Josh Wiggins|Lauren Graham|Robbie Amell|Mia Xitlali,Boaz Yakin,111,Adventure|Drama|Family,6/26/15,2015
0,59700000,Shaun the Sheep Movie,Justin Fletcher|Omid Djalili|Richard Webber|Kate Harbour|Tim Hands,Mark Burton|Richard Starzack,85,Family|Animation|Comedy|Adventure,2/5/15,2015
11000000,0,Louder Than Bombs,Gabriel Byrne|Isabelle Huppert|Jesse Eisenberg|Devin Druid|Amy Ryan,Joachim Trier,109,Drama,5/18/15,2015
0,1702433,A Perfect Day,Olga Kurylenko|Benicio del Toro|Tim Robbins|MÃ©lanie Thierry|Fedja Stukan,Fernando LeÃ³n de Aranoa,106,Comedy|Drama,8/28/15,2015
40000000,10664749,The Gunman,Sean Penn|Jasmine Trinca|Javier Bardem|Ray Winstone|Mark Rylance,Pierre Morel,115,Action|Drama|Crime,2/16/15,2015
1000000,62882090,Unfriended,Shelley Hennig|Moses Jacob Storm|Renee Olstead|William Peltz|Jacob Wysocki,Levan Gabriadze,82,Horror|Thriller,4/17/15,2015
35000000,51680201,Hot Pursuit,Reese Witherspoon|SofÃ­a Vergara|Michael Mosley|John Carroll Lynch|Richard T. Jones,Anne Fletcher,87,Action|Crime|Comedy,5/8/15,2015
10000000,104303851,Insidious: Chapter 3,Dermot Mulroney|Stefanie Scott|Lin Shaye|Leigh Whannell|Angus Sampson,Leigh Whannell,97,Drama|Horror|Thriller,6/4/15,2015
0,118483,Z for Zachariah,Margot Robbie|Chiwetel Ejiofor|Chris Pine,Craig Zobel,97,Drama|Science Fiction|Thriller,8/13/15,2015
0,0,Dragonheart 3: The Sorcerer's Curse,Julian Morris|Tamzin Merchant|Jassa Ahluwalia|Ben Kingsley|Jonjo O'Neill,Colin Teague,97,Action|Adventure|Fantasy,2/24/15,2015
6000000,41387687,The Lady in the Van,Maggie Smith|Alex Jennings|Frances de la Tour|Gwen Taylor|Dominic Cooper,Nicholas Hytner,104,Comedy|Drama,11/13/15,2015
40000000,34227298,Victor Frankenstein,James McAvoy|Daniel Radcliffe|Jessica Brown Findlay|Andrew Scott|Charles Dance,Paul McGuigan,109,Drama|Science Fiction|Thriller,11/10/15,2015
0,0,Brothers of the Wind,Manuel Camacho|Jean Reno|Tobias Moretti|Eva Kuen,Gerado Olivares|Otmar Penker,98,Adventure|Drama|Family,12/24/15,2015
8000000,3759286,Anomalisa,Jennifer Jason Leigh|David Thewlis|Tom Noonan,Duke Johnson|Charlie Kaufman,90,Animation|Comedy|Drama|Romance,12/30/15,2015
1800000,0,Bone Tomahawk,Kurt Russell|Richard Jenkins|Matthew Fox|Lili Simmons|Sean Young,S. Craig Zahler,132,Horror|Western|Adventure|Drama,10/23/15,2015
0,17671101,Regression,Ethan Hawke|Emma Watson|Aaron Ashmore|Devon Bostick|David Thewlis,Alejandro AmenÃ¡bar,106,Horror|Mystery|Thriller,10/1/15,2015
0,0,Pawn Sacrifice,Tobey Maguire|Lily Rabe|Peter Sarsgaard|Liev Schreiber|Sophie NÃ©lisse,Edward Zwick,114,Drama,9/16/15,2015
0,11472454,The Man Who Knew Infinity,Jeremy Irons|Dev Patel|Toby Jones|Stephen Fry|Jeremy Northam,Matt Brown,108,Drama,9/17/15,2015
20000000,0,Momentum,Olga Kurylenko|Morgan Freeman|James Purefoy|Jenna Saras|Lee-Anne Summers,Stephen S. Campanelli,96,Thriller|Action,8/1/15,2015
2000000,1477002,The Diary of a Teenage Girl,Bel Powley|Kristen Wiig|Alexander SkarsgÃ¥rd|Christopher Meloni|Margarita Levieva,Marielle Heller,102,Drama|Romance,8/7/15,2015
0,0,Pay the Ghost,Nicolas Cage|Sarah Wayne Callies|Veronica Ferres|Lyriq Bent|Lauren Beatty,Uli Edel,94,Horror|Thriller,9/16/15,2015
0,0,The Voices,Ryan Reynolds|Gemma Arterton|Anna Kendrick|Jacki Weaver|Ella Smith,Marjane Satrapi,101,Horror|Thriller|Comedy|Crime,2/6/15,2015
0,3643591,Last Knights,Clive Owen|Morgan Freeman|Aksel Hennie|Shohreh Aghdashloo|James Babson,Kazuaki Kiriya,115,Action|Adventure,4/3/15,2015
12000000,0,Il racconto dei racconti,Salma Hayek|Vincent Cassel|John C. Reilly|Toby Jones|Shirley Henderson,Matteo Garrone,125,Romance|Fantasy|Horror,5/14/15,2015
11000000,27391084,Irrational Man,Emma Stone|Joaquin Phoenix|Jamie Blackley|Parker Posey|Meredith Hagner,Woody Allen,95,Mystery|Drama,7/17/15,2015
15000000,0,Queen of the Desert,Nicole Kidman|James Franco|Robert Pattinson|Damian Lewis|Jenny Agutter,Werner Herzog,128,Drama|History,9/3/15,2015
18000000,41325328,Ricki and the Flash,Meryl Streep|Kevin Kline|Mamie Gummer|Sebastian Stan|Audra McDonald,Jonathan Demme,100,Comedy|Drama|Music,7/10/15,2015
0,0,Miss You Already,Drew Barrymore|Toni Collette|Dominic Cooper|Jacqueline Bisset|Paddy Considine,Catherine Hardwicke,112,Comedy|Drama|Romance,9/12/15,2015
630019,0,Kung Fury,David Sandberg|Jorma Taccone|Leopold Nilsson|Andreas Cahling|Helene Ahlson,David Sandberg,31,Action|Comedy|Science Fiction|Fantasy,5/28/15,2015
12000000,60273173,The Perfect Guy,Michael Ealy|Sanaa Lathan|Morris Chestnut|Kathryn Morris|Rutina Wesley,David M. Rosenthal,100,Drama|Thriller,9/11/15,2015
0,1936524,A Bigger Splash,Tilda Swinton|Matthias Schoenaerts|Ralph Fiennes|Dakota Johnson|Aurore ClÃ©ment,Luca Guadagnino,120,Crime|Drama|Mystery|Thriller,11/26/15,2015
10000000,7587485,While We're Young,Ben Stiller|Naomi Watts|Adam Driver|Amanda Seyfried|Charles Grodin,Noah Baumbach,97,Drama|Comedy,3/27/15,2015
40000000,106511453,Get Hard,Will Ferrell|Kevin Hart|Alison Brie|Craig T. Nelson|T.I.,Etan Cohen,100,Comedy,3/26/15,2015
0,0,Kidnapping Mr. Heineken,Anthony Hopkins|Jim Sturgess|Sam Worthington|Ryan Kwanten|Mark van Eeuwen,Daniel Alfredson,95,Drama|Action|Crime|Thriller,3/12/15,2015
60000000,0,The Ridiculous 6,Adam Sandler|Taylor Lautner|Steve Buscemi|Terry Crews|Danny Trejo,Frank Coraci,119,Comedy|Western,12/11/15,2015
0,0,Kill Me Three Times,Teresa Palmer|Simon Pegg|Luke Hemsworth|Sullivan Stapleton|Alice Braga,Kriv Stenders,90,Comedy|Thriller,4/10/15,2015
25000000,24902723,The 33,Antonio Banderas|Rodrigo Santoro|Juliette Binoche|James Brolin|Lou Diamond Phillips,Patricia Riggen,120,History|Drama,8/6/15,2015
14000000,16002420,Suffragette,Carey Mulligan|Helena Bonham Carter|Meryl Streep|Ben Whishaw|Brendan Gleeson,Sarah Gavron,106,Drama|History,10/16/15,2015
0,0,45 Years,Charlotte Rampling|Tom Courtenay|Dolly Wells|Geraldine James|David Sibley,Andrew Haigh,95,Drama,8/28/15,2015
6000000,11122090,We Are Your Friends,Zac Efron|Emily Ratajkowski|Wes Bentley|Nick Rotteveel|Alessandro Lindblad,Max Joseph,96,Drama|Music|Romance,8/26/15,2015
0,6075,Barely Lethal,Hailee Steinfeld|Sophie Turner|Jessica Alba|Samuel L. Jackson|Dove Cameron,Kyle Newman,96,Adventure|Action|Comedy,4/30/15,2015
0,13192457,Macbeth,Michael Fassbender|Marion Cotillard|Paddy Considine|Sean Harris|Jack Reynor,Justin Kurzel,113,History|Drama|War,8/16/15,2015
0,16775,Extraction,Bruce Willis|Gina Carano|Kellan Lutz|D. B. Sweeney|Dan Bilzerian,Steven C. Miller,83,Action|Thriller,12/18/15,2015
0,0,Jenny's Wedding,Katherine Heigl|Tom Wilkinson|Alexis Bledel|Grace Gummer|Linda Emond,Mary Agnes Donoghue,94,Comedy|Drama,7/31/15,2015
0,0,Descendants,Booboo Stewart|Dove Cameron|Keegan Connor Tracy|Stephanie Bennett|Dan Payne,Kenny Ortega,112,Music|Action|Adventure|Comedy|Family,7/31/15,2015
0,0,Tumbledown,Joe Manganiello|Jason Sudeikis|Blythe Danner|Rebecca Hall|Dianna Agron,Sean Mewshaw,105,Music|Romance|Comedy,4/18/15,2015
0,30229977,Far from the Madding Crowd,Carey Mulligan|Matthias Schoenaerts|Michael Sheen|Tom Sturridge|Juno Temple,Thomas Vinterberg,119,Romance|Drama,5/1/15,2015
0,3002884,The End of the Tour,Jason Segel|Jesse Eisenberg|Anna Chlumsky|Mamie Gummer|Joan Cusack,James Ponsoldt,106,Drama,7/31/15,2015
10000000,85978266,The Second Best Exotic Marigold Hotel,Dev Patel|Judi Dench|Richard Gere|Maggie Smith|Bill Nighy,John Madden,122,Drama|Comedy,2/26/15,2015
20000000,6420319,Little Boy,Jakob Salvati|Emily Watson|Cary-Hiroyuki Tagawa|Michael Rapaport|David Henrie,Alejandro Monteverde,106,Comedy|Drama|War,4/23/15,2015
0,0,LEGO DC Comics Super Heroes: Justice League vs. Bizarro League,Nolan North|Troy Baker|Diedrich Bader|Khary Payton|James Arnold Taylor,Brandon Vietti,48,Action|Adventure|Animation|Family,2/10/15,2015
0,1986615,Remember,Christopher Plummer|Martin Landau|Dean Norris|Henry Czerny|Bruno Ganz,Atom Egoyan,94,Drama|Thriller,10/23/15,2015
37000000,26250020,Aloha,Bradley Cooper|Emma Stone|Rachel McAdams|John Krasinski|Bill Murray,Cameron Crowe,105,Adventure|Comedy|Romance,5/27/15,2015
26000000,0,Accidental Love,Jake Gyllenhaal|Jessica Biel|James Marsden|Catherine Keener|Paul Reubens,David O. Russell|Stephen Greene,100,Romance|Comedy,2/10/15,2015
0,0,Halo: The Fall of Reach,Steve Downes|Jen Taylor|Michelle Lukes|Travis Willingham|Brittany Uomoleale,Ian Kirby,67,Action|Animation|Science Fiction,10/27/15,2015
28000000,7002261,Our Brand Is Crisis,Sandra Bullock|Anthony Mackie|Billy Bob Thornton|Zoe Kazan|Scoot McNairy,David Gordon Green,108,Drama|Comedy,9/11/15,2015
0,0,Into the Forest,Ellen Page|Evan Rachel Wood|Max Minghella|Callum Keith Rennie|Michael Eklund,Patricia Rozema,101,Drama|Science Fiction,6/3/15,2015
0,231737,The Invitation,Michiel Huisman|Logan Marshall-Green|Tammy Blanchard|Mike Doyle|John Carroll Lynch,Karyn Kusama,100,Thriller,3/13/15,2015
0,0,The Benefactor,Dakota Fanning|Theo James|Richard Gere|Clarke Peters|Brian Anthony Wilson,Andrew Renzi,90,Drama,4/17/15,2015
0,0,Open Season: Scared Silly,Garry Chalk|Kathleen Barr|Willa Townsend|Melissa Sturm|Trevor Devall,David Feiss,85,Animation|Comedy|Family|Adventure,12/31/15,2015
0,134552,Cop Car,Kevin Bacon|James Freedson-Jackson|Hays Wellford|Shea Whigham|Camryn Manheim,Jon Watts,86,Thriller,8/7/15,2015
0,0,Mojave,Oscar Isaac|Garrett Hedlund|Mark Wahlberg|Walton Goggins|Louise Bourgoin,William Monahan,93,Thriller,4/18/15,2015
0,3214116,Sleeping with Other People,Jason Sudeikis|Alison Brie|Adam Scott|Natasha Lyonne|Amanda Peet,Leslye Headland,100,Comedy,6/26/15,2015
11000000,0,Forsaken,Demi Moore|Kiefer Sutherland|Donald Sutherland|Brian Cox|Siobhan Williams,Jon Cassar,90,Western|Drama,9/16/15,2015
0,8413144,Amy,Amy Winehouse|Mark Ronson|Tony Bennett|Pete Doherty|Blake Fielder,Asif Kapadia,128,Documentary|Music,7/3/15,2015
0,0,Madame Bovary,Mia Wasikowska|Ezra Miller|Laura Carmichael|Henry Lloyd-Hughes|Paul Giamatti,Sophie Barthes,118,Drama,6/4/15,2015
0,0,The Hallow,Joseph Mawle|Bojana NovakoviÄ‡|Michael McElhatton|Gary Lydon|Stuart Graham,Corin Hardy,97,Fantasy|Horror,11/6/15,2015
0,0,Barbie in Princess Power,Britt Irvin|Michael Kopsa|Kelly Sheridan,Zeke Norton,74,Family|Animation,1/29/15,2015
0,0,Howl,Ed Speleers|Shauna Macdonald|Elliot Cowan|Holly Weston|Amit Shah,Paul Hyett,89,Horror,10/1/15,2015
7000000,573335,Freeheld,Julianne Moore|Ellen Page|Steve Carell|Michael Shannon|Luke Grimes,Peter Sollett,103,Romance|Drama,10/2/15,2015
